PG,SG,SF,PF,C,G,F,UTIL
Lonzo Ball,Desmond Bane,Gordon Hayward,Bobby Portis,Mason Plumlee,Luka Doncic,Lauri Markkanen,Chris Paul
Dejounte Murray,Desmond Bane,Cam Johnson,Zion Williamson,Mason Plumlee,John Wall,Giannis Antetokounmpo,James Wiseman
Ja Morant,Tyrese Haliburton,Gordon Hayward,LaMarcus Aldridge,Mason Plumlee,John Wall,Lauri Markkanen,Kemba Walker
Dejounte Murray,Tyrese Haliburton,Khris Middleton,PJ Washington,Harry Giles III,Luka Doncic,Cam Johnson,James Wiseman
John Wall,Duncan Robinson,Gordon Hayward,Carmelo Anthony,Hassan Whiteside,Luka Doncic,Brandon Clarke,Draymond Green
LaMelo Ball,Desmond Bane,DeMar DeRozan,Cam Johnson,Isaiah Stewart,John Wall,Brandon Ingram,Luka Doncic
Dejounte Murray,Denzel Valentine,Gordon Hayward,Precious Achiuwa,Zion Williamson,Chris Paul,Brandon Clarke,De'Aaron Fox
John Wall,Eric Bledsoe,Miles Bridges,Robert Covington,Hassan Whiteside,Luka Doncic,Xavier Tillman Sr.,Giannis Antetokounmpo
Lonzo Ball,Tyrese Haliburton,Gordon Hayward,Robert Covington,Christian Wood,Chris Paul,Brandon Clarke,LaMarcus Aldridge
John Wall,Avery Bradley,Gordon Hayward,Zion Williamson,Isaiah Stewart,Luka Doncic,LaMarcus Aldridge,Harrison Barnes
Dejounte Murray,Duncan Robinson,Gordon Hayward,Bobby Portis,Hassan Whiteside,Ja Morant,Blake Griffin,Damian Lillard
Lonzo Ball,Dennis Schroder,DeMar DeRozan,Giannis Antetokounmpo,Hassan Whiteside,LaMelo Ball,Blake Griffin,Ja Morant
Damian Lillard,Tyrese Haliburton,Gordon Hayward,Zion Williamson,Mason Plumlee,Tomas Satoransky,Brandon Clarke,James Wiseman
Luka Doncic,Denzel Valentine,Jaylen Brown,Xavier Tillman Sr.,James Wiseman,Chris Paul,Zion Williamson,Bobby Portis
Lonzo Ball,Dennis Schroder,DeMar DeRozan,PJ Washington,Brandon Clarke,John Wall,Marvin Bagley III,Chris Paul
Dejounte Murray,Dennis Schroder,Brandon Ingram,Xavier Tillman Sr.,Hassan Whiteside,Chris Paul,Giannis Antetokounmpo,Draymond Green
John Wall,Denzel Valentine,Jerami Grant,Xavier Tillman Sr.,Harry Giles III,Luka Doncic,Marvin Bagley III,Brandon Ingram
Dejounte Murray,Nickeil Alexander-Walker,Khris Middleton,Precious Achiuwa,Cody Zeller,Luka Doncic,Xavier Tillman Sr.,Christian Wood
Lonzo Ball,Dennis Schroder,Gordon Hayward,Brandon Clarke,Harry Giles III,Dejounte Murray,Blake Griffin,Luka Doncic
Ja Morant,Lonnie Walker IV,Jerami Grant,Robert Covington,Hassan Whiteside,Luka Doncic,Zion Williamson,Cody Zeller
